year,term,course_id,enrollments
2021,1,0,135
2021,1,1,140
2021,1,2,141
2021,1,3,149
2021,2,0,117
2021,2,1,150
2021,2,2,145
2021,2,3,164
2022,1,0,119
2022,1,1,134
2022,1,2,162
2022,1,3,189
2022,2,0,148
2022,2,1,147
2022,2,2,141
2022,2,3,175
2023,1,0,122
2023,1,1,159
2023,1,2,180
2023,1,3,203
2023,2,0,122
2023,2,1,156
2023,2,2,183
2023,2,3,177
2024,1,0,154
2024,1,1,172
2024,1,2,189
2024,1,3,205
2024,2,0,148
2024,2,1,162
2024,2,2,165
2024,2,3,214
2025,1,0,151
2025,1,1,180
2025,1,2,183
2025,1,3,228
2025,2,0,162
2025,2,1,163
2025,2,2,199
2025,2,3,203
2026,1,0,165
2026,1,1,197
2026,1,2,188
2026,1,3,221
2026,2,0,184
2026,2,1,178
2026,2,2,194
2026,2,3,236
