student_id,attendance_pct,assignment_avg,participation_score,final_grade,dropout_flag
1,62.5,43.0,40.9,50.5,1
2,97.0,67.9,39.8,72.8,1
3,83.9,91.1,92.5,87.6,0
4,75.9,81.3,40.0,63.8,0
5,49.4,86.5,41.8,63.3,1
6,49.4,76.1,80.8,64.1,1
7,43.5,78.5,56.0,55.9,1
8,92.0,89.4,82.1,86.4,0
9,76.1,47.5,25.2,46.1,1
10,82.5,64.3,59.0,68.7,0
11,41.2,45.5,22.7,33.1,0
12,98.2,99.1,25.0,76.9,0
13,89.9,96.1,92.5,85.3,0
14,52.7,32.8,31.1,40.8,1
15,95.0,79.4,62.6,25.0,1
16,51.0,94.8,52.9,70.5,0
17,58.3,42.6,47.8,45.3,1
18,71.5,69.8,92.0,66.8,0
19,65.9,94.1,21.7,62.0,0
20,57.5,32.4,73.1,51.3,1
21,76.7,78.8,97.1,78.2,0
22,48.4,50.8,64.8,48.0,1
23,57.5,94.7,94.9,77.4,0
24,62.0,98.0,24.2,67.3,0
25,67.4,96.1,53.5,76.4,0
26,87.1,63.2,40.8,69.6,0
27,52.0,90.3,78.5,68.5,1
28,70.9,89.1,98.5,76.7,0
29,75.5,52.3,40.5,55.0,0
30,42.8,88.0,72.3,64.6,0
31,76.5,32.6,35.8,44.9,0
32,50.2,71.7,65.2,56.0,1
33,43.9,46.1,57.1,45.5,1
34,30.0,38.4,97.8,85.0,0
35,97.9,35.4,68.7,64.2,1
36,88.5,78.7,48.0,71.2,0
37,58.3,53.8,29.1,47.0,1
38,45.9,80.7,32.1,51.3,1
39,81.1,34.6,38.0,53.5,0
40,66.4,52.1,40.1,55.5,0
41,47.3,67.8,88.0,55.1,0
42,69.7,85.4,64.9,69.2,0
43,42.1,52.3,61.9,42.6,1
44,94.6,73.8,29.2,68.2,0
45,55.5,92.0,88.8,73.5,0
46,79.8,73.1,77.8,69.4,1
47,58.7,46.3,25.4,41.3,0
48,71.2,31.7,76.6,50.5,0
49,72.8,90.9,63.5,75.8,0
50,51.1,31.5,26.5,35.5,1
51,98.2,91.2,56.7,81.9,0
52,86.5,67.0,58.8,70.7,1
53,96.4,95.7,33.3,78.9,0
54,30.0,85.9,95.7,85.0,0
55,75.9,99.9,88.0,89.9,1
56,95.3,54.5,73.5,75.7,0
57,45.3,83.7,57.0,56.1,0
58,51.8,58.1,52.9,54.0,0
59,42.7,63.6,72.1,56.4,0
60,59.5,73.9,63.6,59.7,1
61,95.0,91.2,25.0,25.0,0
62,56.3,98.9,61.0,75.9,0
63,30.0,83.8,84.5,85.0,0
64,61.4,59.2,56.7,53.9,0
65,56.9,59.5,24.2,51.4,1
66,72.6,81.6,82.9,76.1,0
67,48.5,46.7,36.1,43.9,1
68,88.1,37.7,40.7,56.5,0
69,44.5,54.8,33.2,44.5,0
70,99.2,50.1,46.4,62.0,1
71,86.3,50.7,80.5,71.1,0
72,51.9,46.4,61.6,52.1,1
73,40.3,32.9,36.4,32.9,1
74,88.9,31.3,90.2,63.0,0
75,82.4,99.1,90.4,83.1,0
76,83.7,59.9,89.6,73.9,0
77,86.3,56.9,39.1,63.8,0
78,44.4,77.6,56.1,56.8,1
79,61.5,45.3,98.8,62.8,0
80,47.0,96.5,81.8,69.7,0
81,91.8,85.0,22.2,73.9,1
82,77.4,36.3,25.2,44.4,0
83,59.9,59.2,57.1,56.0,1
84,43.8,91.5,92.7,69.2,0
85,58.7,96.1,63.1,72.2,1
86,95.0,62.7,59.8,25.0,1
87,83.8,72.9,28.4,65.0,0
88,78.3,41.7,72.5,62.0,0
89,30.0,99.4,85.8,85.0,0
90,68.3,46.2,50.4,48.1,1
91,47.2,96.0,82.0,75.9,0
92,82.8,75.5,97.2,83.9,0
93,85.6,72.5,36.3,63.7,0
94,73.7,65.9,61.9,67.3,1
95,86.3,46.1,43.0,57.0,0
96,69.6,42.4,83.4,59.3,1
97,71.4,45.4,66.2,57.8,0
98,65.7,43.1,70.8,53.9,0
99,41.5,84.6,83.8,61.9,0
100,46.5,54.5,51.7,45.7,1
101,41.9,34.0,93.2,43.3,0
102,78.2,97.8,62.6,77.4,0
103,58.9,91.9,32.6,63.6,0
104,70.5,94.9,75.7,76.2,0
105,94.5,99.6,83.5,93.4,0
106,55.0,42.2,45.3,49.4,0
107,64.6,57.7,88.6,61.9,0
108,85.3,83.1,92.5,83.6,0
109,53.7,78.7,42.2,59.9,0
110,44.6,40.8,98.7,52.3,0
111,57.4,87.1,31.3,61.3,1
112,49.7,45.7,36.2,44.6,0
113,30.0,45.7,34.7,85.0,0
114,88.5,67.6,91.5,74.0,1
115,78.0,71.5,72.3,73.9,1
116,92.3,70.6,32.2,71.3,0
117,88.2,36.4,55.2,55.6,0
118,51.2,91.4,69.2,68.0,0
119,93.6,48.6,26.7,61.2,0
120,72.4,39.1,90.6,59.1,0
121,88.4,92.2,84.3,89.3,1
122,93.8,96.9,60.4,92.4,0
123,59.1,90.3,97.4,73.9,1
124,95.0,86.7,53.4,25.0,1
125,53.7,75.9,98.7,69.5,1
126,65.6,68.6,73.4,67.5,0
127,89.1,36.1,70.8,60.5,1
128,91.6,58.6,33.3,68.1,0
129,40.4,56.1,90.6,49.7,1
130,70.6,48.2,54.2,57.4,0
131,65.0,80.6,33.0,60.1,0
132,53.3,64.7,21.0,53.6,0
133,47.2,35.7,64.8,49.1,1
134,60.3,45.4,62.2,49.4,0
135,96.6,77.8,77.5,80.6,1
136,59.4,35.3,91.2,55.7,1
137,71.1,89.6,26.4,65.4,0
138,82.2,64.7,78.5,71.3,0
139,61.8,63.6,35.0,54.3,0
140,98.3,71.5,88.7,76.9,0
141,97.7,87.7,85.5,88.3,0
142,55.1,54.3,63.3,51.4,1
143,69.8,77.5,76.8,69.8,1
144,58.1,69.6,45.1,61.4,1
145,57.1,48.7,57.7,47.1,1
146,42.2,91.5,85.7,70.1,0
147,76.6,85.8,56.7,72.5,0
148,95.0,76.1,48.6,25.0,1
149,43.1,89.5,59.5,64.3,0
150,56.7,90.7,86.3,74.2,0
151,94.5,79.6,46.8,77.7,0
152,54.4,88.6,33.9,63.9,1
153,48.7,78.8,77.0,62.4,1
154,69.4,77.6,86.1,71.2,1
155,99.1,73.3,28.1,68.3,1
156,54.5,82.7,39.2,57.2,0
157,80.3,41.1,31.4,60.7,1
158,85.7,91.7,47.8,81.2,0
159,54.3,91.0,56.0,62.3,0
160,95.0,32.0,79.9,25.0,0
161,62.1,87.8,72.1,72.8,0
162,77.9,39.0,69.7,59.4,1
163,78.0,53.5,48.2,60.9,0
164,72.1,82.0,87.3,75.4,0
165,45.4,41.3,57.7,42.8,1
166,90.1,87.3,98.3,88.6,1
167,59.2,88.2,70.7,70.4,0
168,51.2,65.5,30.1,43.0,0
169,42.4,30.4,74.1,40.3,1
170,75.5,50.1,46.0,53.9,0
171,80.7,73.2,74.9,74.0,0
172,41.0,98.7,25.6,66.9,1
173,70.7,74.2,34.0,62.9,0
174,53.6,48.2,88.5,54.5,1
175,78.7,74.4,38.2,68.6,1
176,50.5,67.8,87.0,63.1,0
177,81.5,84.6,42.3,73.1,0
178,63.2,37.5,71.4,53.4,0
179,96.2,83.3,75.5,90.1,0
180,48.3,67.9,61.0,52.3,1
181,60.5,97.4,44.4,70.5,1
182,46.8,53.9,37.0,41.9,1
183,30.0,74.3,22.7,85.0,0
184,92.6,95.2,44.3,78.3,0
185,55.5,37.2,72.3,47.3,0
186,79.6,95.6,95.1,85.2,0
187,89.0,78.2,89.7,84.7,0
188,73.3,34.7,81.3,59.2,0
189,71.8,51.1,83.1,59.0,1
190,54.5,79.6,73.2,65.4,1
191,45.6,34.7,40.8,35.2,1
192,93.8,70.8,92.6,77.6,0
193,94.0,54.2,73.7,70.4,0
194,78.0,73.5,64.8,69.6,1
195,30.0,33.2,28.9,85.0,0
196,61.0,91.0,55.8,70.2,0
197,95.0,98.1,56.8,25.0,0
198,93.8,97.8,89.2,89.8,0
199,93.2,82.5,63.7,83.1,0
200,86.8,39.1,50.4,63.7,0
201,78.5,83.1,98.1,76.5,1
202,45.0,31.7,28.9,27.8,0
203,49.7,31.5,53.8,45.9,1
204,93.9,52.7,23.4,61.5,0
205,76.4,64.2,79.2,66.5,0
206,40.6,83.9,93.4,67.1,0
207,46.1,77.8,42.4,47.1,0
208,79.8,61.2,88.7,71.2,0
209,40.3,49.2,43.4,42.4,0
210,49.6,99.8,92.9,78.1,1
211,72.9,59.8,80.3,63.1,0
212,81.5,61.6,84.4,71.4,1
213,79.1,41.5,21.4,46.7,0
214,53.5,85.6,97.0,72.8,0
215,82.7,78.6,78.1,74.5,0
216,54.2,45.5,44.4,44.5,0
217,59.5,35.8,86.4,49.4,0
218,84.8,77.6,42.5,72.4,1
219,79.0,75.8,89.8,79.5,0
220,91.0,49.1,29.0,58.1,0
221,79.5,96.6,76.3,82.8,1
222,74.1,40.6,63.3,51.2,1
223,45.6,60.3,27.7,44.0,0
224,62.1,96.1,39.4,68.0,0
225,55.9,59.4,21.0,55.2,0
226,30.0,74.7,57.5,85.0,0
227,98.4,57.8,44.1,72.7,0
228,63.6,49.2,67.9,58.7,1
229,93.5,98.9,43.8,83.6,0
230,77.9,58.7,44.0,65.7,0
231,87.7,92.6,79.5,86.1,0
232,70.2,46.1,23.9,49.4,1
233,74.6,44.9,92.2,63.1,0
234,30.0,32.2,88.2,85.0,0
235,51.7,75.6,73.4,65.9,1
236,83.3,55.8,67.5,64.3,0
237,56.8,90.5,91.4,70.3,0
238,41.5,63.1,34.8,45.2,0
239,78.7,97.8,26.3,70.5,1
240,50.6,43.0,39.2,42.1,0
241,96.4,90.8,83.6,92.3,1
242,97.2,84.4,22.8,72.8,0
243,94.9,84.0,66.6,81.7,0
244,62.2,89.1,99.6,77.6,0
245,40.9,83.3,88.5,66.9,1
246,95.7,73.8,61.7,70.4,0
247,65.7,39.2,25.1,42.1,0
248,98.0,32.3,86.5,67.0,0
249,97.8,94.5,67.9,91.1,0
250,91.2,73.2,29.2,67.1,0
251,57.7,85.8,27.5,54.2,0
252,63.1,63.7,92.8,68.1,1
253,91.1,38.2,73.5,61.5,0
254,59.0,38.8,86.3,49.8,1
255,50.2,78.0,90.3,64.5,0
256,73.4,60.1,65.7,63.0,0
257,96.2,44.0,61.4,63.5,0
258,81.8,64.4,54.4,59.7,1
259,74.2,34.5,45.4,52.2,0
260,45.8,70.7,54.8,58.4,1
261,76.9,48.8,81.9,65.6,0
262,99.4,85.8,68.2,81.3,1
263,48.4,51.7,91.4,54.7,0
264,71.1,61.9,55.5,61.3,0
265,92.6,30.8,68.6,61.9,1
266,84.4,35.1,70.5,60.9,0
267,81.8,57.5,67.3,64.0,1
268,82.1,63.6,76.2,70.8,0
269,61.6,72.0,39.0,59.6,0
270,57.6,50.4,61.0,56.8,1
271,88.6,78.6,28.3,71.7,0
272,88.6,90.2,50.8,81.0,0
273,92.0,84.6,59.0,79.7,0
274,94.8,32.8,72.2,66.7,1
275,70.7,63.6,96.0,71.2,0
276,70.1,37.3,68.1,51.0,0
277,87.9,46.9,79.5,71.0,0
278,79.0,99.1,60.5,82.4,0
279,82.1,40.0,70.7,58.7,0
280,87.7,64.9,25.7,61.8,0
281,93.4,73.3,40.4,72.6,0
282,60.3,79.2,48.9,64.0,0
283,62.5,69.2,57.8,61.8,0
284,30.0,30.7,23.7,85.0,1
285,74.7,52.9,31.2,59.4,1
286,42.2,66.2,42.1,52.0,1
287,30.0,36.2,97.7,85.0,1
288,72.6,54.5,46.5,60.0,1
289,57.2,32.3,58.6,41.4,0
290,75.4,35.5,35.7,49.7,0
291,41.8,57.8,68.9,56.0,1
292,42.2,39.3,42.5,37.4,0
293,89.4,69.7,36.6,65.4,1
294,61.6,78.3,61.3,63.3,1
295,47.6,86.0,20.4,51.3,1
296,71.3,44.0,20.6,44.9,0
297,86.2,41.7,37.5,54.6,1
298,30.0,37.3,22.9,85.0,1
299,77.4,74.6,28.6,63.5,0
300,45.1,79.5,47.1,59.0,0
301,43.1,32.2,84.2,41.2,1
302,71.9,95.5,65.8,81.7,0
303,72.4,33.6,61.0,53.2,0
304,78.2,67.9,43.5,67.2,0
305,83.6,79.6,94.5,79.2,0
306,98.6,91.0,51.8,85.7,1
307,71.0,80.0,27.0,59.5,1
308,59.4,86.1,69.4,71.7,0
309,87.7,53.8,29.1,59.9,0
310,56.2,87.0,47.6,65.5,0
311,66.3,35.6,60.6,46.4,0
312,44.7,92.6,89.9,67.2,0
313,41.5,68.3,59.5,54.6,0
314,97.8,87.2,76.2,83.4,0
315,90.2,61.7,99.4,79.0,0
316,81.8,75.1,30.5,61.7,0
317,64.5,66.8,42.0,60.5,0
318,50.4,81.2,51.6,56.3,1
319,49.4,35.7,53.7,43.4,1
320,55.0,34.2,52.9,45.1,0
321,73.0,47.3,92.6,61.5,1
322,82.9,41.2,77.1,63.8,1
323,79.6,91.0,68.6,79.8,1
324,56.8,45.3,44.7,45.2,0
325,97.3,98.3,85.9,89.4,0
326,84.3,53.6,96.4,65.5,0
327,73.3,42.7,85.7,61.6,1
328,76.7,85.3,20.1,61.1,0
329,65.2,76.1,70.9,68.0,0
330,54.9,64.9,24.1,48.9,1
331,61.4,68.9,40.6,59.3,0
332,85.5,80.3,24.8,67.4,1
333,40.9,46.0,68.3,44.4,0
334,47.0,99.7,74.9,72.9,0
335,42.8,98.2,29.2,60.2,0
336,42.4,75.5,50.7,55.3,1
337,30.0,44.0,56.5,85.0,0
338,82.2,77.6,49.5,66.2,0
339,68.5,35.1,29.7,46.6,0
340,45.9,32.1,53.5,40.7,0
341,69.5,48.0,80.1,57.0,0
342,68.4,62.4,25.7,53.7,1
343,50.4,90.8,26.4,58.6,0
344,66.0,80.9,48.4,65.0,0
345,63.9,82.0,95.3,75.4,0
346,77.0,59.8,73.5,70.7,1
347,78.1,54.2,74.3,68.0,0
348,42.7,56.0,49.0,42.3,1
349,62.5,99.1,67.5,77.0,0
350,77.6,32.8,20.8,49.3,0
351,70.2,90.7,70.9,76.7,0
352,91.4,70.5,93.1,83.6,0
353,79.5,60.7,69.0,72.9,0
354,49.8,80.8,89.9,70.3,1
355,44.2,64.1,77.9,56.7,1
356,78.5,91.1,29.6,73.9,0
357,41.6,93.0,92.2,69.7,0
358,75.1,59.5,25.3,56.0,0
359,96.4,49.4,62.7,66.8,0
360,95.0,71.5,31.4,25.0,0
361,63.3,93.9,20.9,61.6,0
362,78.6,44.7,53.8,61.7,1
363,30.0,73.6,43.6,85.0,0
364,72.7,74.2,58.9,63.4,0
365,96.5,81.3,66.2,82.5,0
366,95.0,39.2,23.5,25.0,1
367,97.7,80.1,29.8,76.0,0
368,94.3,93.6,64.7,87.8,0
369,51.7,42.6,47.5,42.4,1
370,44.2,46.6,78.3,49.4,1
371,46.0,98.0,72.2,74.9,0
372,41.1,42.7,87.6,46.5,0
373,45.7,89.8,75.4,63.1,1
374,81.0,64.5,54.4,70.5,0
375,44.3,47.3,73.8,54.3,0
376,59.1,91.0,42.0,65.5,0
377,90.7,61.2,44.5,69.7,1
378,41.4,66.0,83.1,60.6,0
379,88.9,55.1,55.7,63.5,0
380,56.9,71.5,83.9,63.7,0
381,47.1,41.4,85.8,53.3,1
382,81.8,57.4,88.6,75.4,0
383,77.7,97.9,93.3,87.6,0
384,92.6,48.1,54.5,61.5,0
385,84.1,76.0,45.5,76.1,1
386,88.2,52.8,66.6,65.1,0
387,56.9,84.1,49.7,62.4,0
388,50.6,39.2,68.1,47.6,0
389,85.0,97.9,76.4,90.1,0
390,95.0,61.8,75.1,25.0,0
391,99.4,46.5,50.0,66.6,0
392,64.8,35.1,33.3,45.0,0
393,62.3,41.9,54.4,49.7,0
394,86.6,66.4,31.4,66.1,0
395,60.4,53.6,91.2,53.3,0
396,95.8,88.0,47.7,79.2,0
397,91.5,60.2,32.4,64.9,0
398,65.7,47.4,22.0,43.2,1
399,85.1,73.2,71.7,75.8,0
400,85.3,79.5,71.0,76.5,0
401,30.0,41.7,47.2,85.0,0
402,94.2,41.7,25.7,61.2,0
403,70.3,32.6,52.8,47.3,0
404,89.6,81.5,44.9,74.0,1
405,59.2,76.5,74.2,65.9,1
406,93.7,63.2,68.5,72.1,0
407,63.4,89.1,49.2,68.4,0
408,40.7,86.4,37.4,53.0,0
409,94.3,71.0,99.0,79.5,0
410,45.5,90.8,56.3,64.6,1
411,59.2,44.4,75.1,55.3,0
412,97.0,37.8,31.2,54.8,0
413,97.0,48.9,58.8,69.8,0
414,74.4,34.0,22.2,42.9,0
415,77.9,67.2,60.4,67.9,0
416,66.9,95.6,97.1,83.9,0
417,57.6,32.8,50.7,43.2,1
418,59.7,38.5,23.1,42.3,0
419,80.4,61.7,22.5,56.7,0
420,85.1,95.4,51.0,78.8,0
421,87.5,52.1,32.8,58.8,1
422,87.4,65.5,21.9,60.3,0
423,45.5,32.9,80.5,43.9,0
424,69.7,40.4,56.7,47.7,0
425,43.5,99.1,43.1,61.2,1
426,73.0,97.6,92.0,82.8,0
427,66.5,30.3,29.3,40.8,0
428,93.3,96.6,96.5,91.5,0
429,61.1,74.7,45.1,60.2,0
430,47.0,90.8,91.1,71.8,0
431,48.6,61.8,68.2,57.4,1
432,85.7,66.1,86.1,73.0,0
433,77.1,64.2,98.7,69.7,0
434,46.1,76.7,43.1,51.6,0
435,45.0,39.8,96.9,48.8,1
436,82.1,32.1,51.2,51.8,1
437,44.4,51.6,50.8,43.2,0
438,89.3,79.3,47.2,70.0,0
439,82.4,44.1,63.3,58.9,0
440,44.9,77.1,32.3,52.8,1
441,45.1,97.9,64.3,68.8,1
442,99.2,36.6,63.3,62.3,1
443,62.5,77.1,81.0,67.8,0
444,62.2,61.1,86.7,60.9,0
445,88.8,90.8,55.2,79.8,0
446,96.8,42.4,44.2,59.0,0
447,99.2,78.5,40.7,77.9,0
448,85.2,88.7,35.6,68.3,0
449,62.6,96.1,24.6,64.3,0
450,45.0,77.8,47.4,56.5,0
451,86.6,64.8,41.6,66.4,0
452,73.5,73.2,97.3,83.2,0
453,65.5,90.8,64.6,73.5,1
454,94.4,69.9,47.8,69.3,0
455,30.0,32.1,66.4,85.0,1
456,69.6,95.2,31.1,63.8,1
457,40.7,78.3,55.5,55.4,0
458,68.1,77.4,70.1,66.7,0
459,43.4,45.1,59.1,47.0,1
460,47.1,76.1,52.1,55.1,1
461,47.1,57.6,99.5,58.4,0
462,79.0,75.6,90.4,75.0,1
463,84.8,37.5,69.9,65.1,0
464,75.0,76.0,65.6,69.6,0
465,97.7,100.0,69.7,95.5,0
466,62.5,33.4,36.1,45.0,1
467,57.1,98.4,51.6,71.0,1
468,92.1,58.5,23.2,63.0,0
469,53.4,91.0,58.0,67.5,0
470,97.8,84.8,63.4,76.9,0
471,40.7,69.7,38.2,48.0,0
472,98.2,81.7,97.1,90.9,0
473,42.6,91.5,92.8,69.0,1
474,93.5,58.3,77.8,69.0,0
475,95.0,52.9,62.7,25.0,1
476,99.6,76.7,89.6,90.6,0
477,44.4,86.5,30.5,59.2,1
478,73.2,83.4,83.2,76.1,0
479,98.2,85.8,30.0,79.5,0
480,71.4,60.5,83.5,65.4,1
481,77.8,87.2,42.1,66.3,0
482,81.7,38.4,90.2,60.3,0
483,67.3,68.1,95.5,74.9,0
484,77.7,30.4,31.9,45.8,1
485,75.1,52.7,57.0,58.8,1
486,94.1,55.7,98.5,75.7,1
487,42.7,57.7,58.7,54.6,0
488,56.9,78.7,89.1,73.9,0
489,97.0,57.2,67.1,78.8,0
490,93.4,61.4,50.0,68.5,1
491,67.3,46.6,42.9,52.0,0
492,77.2,56.1,36.3,53.0,0
493,56.6,45.9,80.9,58.6,1
494,51.3,35.1,50.9,38.2,0
495,67.8,72.2,60.9,65.9,0
496,61.2,76.8,59.4,60.8,1
497,75.0,73.4,66.2,67.8,1
498,44.7,62.4,89.2,55.2,0
499,98.5,56.6,98.5,76.9,0
500,99.2,90.4,52.6,81.7,1
501,95.0,66.3,86.2,25.0,1
502,72.2,63.5,81.2,70.0,1
503,58.6,31.8,65.9,43.0,1
504,88.8,53.9,96.5,74.0,0
505,81.1,56.6,36.0,62.9,0
506,49.8,57.9,28.7,44.3,1
507,94.7,70.6,88.3,78.6,0
508,89.4,67.4,55.1,70.0,0
509,97.0,72.6,87.8,85.9,0
510,83.5,83.5,91.4,82.7,0
511,76.8,86.9,25.0,65.9,1
512,65.1,80.3,90.7,74.7,0
513,96.0,96.9,55.9,82.0,0
514,92.0,31.3,60.8,60.5,0
515,42.7,43.7,70.1,46.8,1
516,41.6,30.5,94.1,43.7,0
517,62.6,75.3,21.5,54.0,0
518,88.6,92.9,58.1,78.6,0
519,99.2,47.0,75.0,72.1,0
520,49.0,94.9,77.8,73.8,0
521,75.6,34.2,75.4,54.1,0
522,62.9,95.4,30.8,67.8,1
523,98.2,54.6,44.0,60.7,0
524,90.5,37.1,48.7,56.0,0
525,90.3,64.0,84.4,75.5,1
526,68.1,48.0,42.3,49.2,1
527,64.9,49.9,36.9,47.5,1
528,56.4,51.5,96.6,57.5,0
529,43.4,86.2,20.7,53.9,1
530,91.9,67.7,99.8,80.3,0
531,88.8,51.8,74.1,61.3,1
532,100.0,72.7,86.3,77.0,0
533,99.8,80.1,43.6,75.9,0
534,73.3,49.1,21.1,51.6,1
535,86.1,58.9,79.0,62.6,1
536,96.7,38.5,86.7,66.9,0
537,91.0,42.7,79.2,64.7,0
538,54.8,77.7,31.4,60.5,1
539,67.0,42.7,80.3,55.8,0
540,47.7,66.8,81.5,60.3,1
541,97.2,79.6,72.7,82.7,0
542,76.4,37.5,81.3,52.4,0
543,53.7,69.7,87.7,66.2,0
544,80.3,48.0,69.1,62.8,0
545,77.1,97.4,27.1,73.7,1
546,61.5,63.8,59.0,70.7,0
547,46.8,86.4,26.2,49.3,1
548,80.3,68.5,52.6,72.2,0
549,71.2,33.0,52.6,48.4,1
550,86.3,74.3,25.3,67.2,0
551,71.2,96.6,47.9,73.6,1
552,91.1,72.1,28.9,66.8,0
553,73.1,87.3,84.7,76.4,1
554,73.7,91.9,95.8,83.4,0
555,92.6,46.0,25.8,53.0,1
556,64.2,44.8,96.4,62.2,1
557,48.0,72.8,61.8,56.4,0
558,41.7,58.8,44.0,42.6,1
559,85.3,88.8,26.1,70.5,0
560,77.2,93.0,60.0,80.9,0
561,82.2,54.7,83.6,66.9,1
562,95.0,46.6,76.6,25.0,0
563,48.2,84.6,24.0,52.7,1
564,40.9,49.2,25.8,40.5,0
565,61.0,87.6,52.2,68.9,1
566,75.4,59.7,43.6,65.3,0
567,63.5,76.7,38.6,60.3,1
568,66.2,36.7,42.5,48.7,0
569,94.2,73.7,84.3,81.3,0
570,95.0,61.6,94.3,25.0,0
571,70.8,71.1,52.4,62.1,0
572,87.0,41.8,92.5,69.2,0
573,63.8,81.6,45.7,63.7,0
574,77.3,90.4,58.1,75.5,1
575,91.7,45.2,38.1,59.7,0
576,97.0,36.7,71.2,65.5,0
577,48.8,31.7,98.3,48.5,1
578,95.6,74.9,68.3,79.5,0
579,69.5,72.5,48.6,68.3,0
580,55.5,68.3,71.8,63.8,1
581,67.5,46.2,29.8,51.1,0
582,98.8,57.4,91.1,76.3,0
583,69.6,71.6,60.2,62.8,1
584,59.7,64.8,55.9,60.9,0
585,30.0,99.1,66.9,85.0,0
586,54.4,39.6,70.0,53.0,0
587,44.6,78.7,25.7,49.6,0
588,47.7,58.3,74.6,53.6,1
589,47.7,60.0,39.4,43.0,0
590,49.1,80.2,77.1,63.0,1
591,48.3,78.5,85.8,67.9,1
592,78.5,99.4,84.3,83.6,0
593,50.9,39.0,64.2,47.7,1
594,60.7,37.3,61.6,48.0,1
595,93.8,80.7,31.4,74.1,0
596,68.4,70.5,82.0,65.5,0
597,80.1,49.2,41.7,57.3,0
598,50.3,35.6,59.7,34.3,1
599,51.5,36.0,42.7,40.0,1
600,42.5,92.6,30.7,52.3,1
601,50.1,43.4,70.4,52.1,0
602,56.7,52.6,24.3,47.9,1
603,50.6,45.9,79.9,53.0,0
604,45.3,54.8,45.4,50.7,1
605,47.2,34.9,20.0,31.0,0
606,67.6,66.3,60.9,68.0,0
607,52.4,34.7,23.7,39.4,0
608,61.9,86.0,42.1,63.9,1
609,70.2,46.4,76.6,62.3,0
610,81.4,67.8,25.0,58.4,1
611,42.4,91.6,87.1,65.5,1
612,88.0,75.6,20.3,64.6,0
613,77.7,67.3,39.7,61.4,0
614,44.9,52.7,79.3,48.7,0
615,92.4,53.3,45.3,68.0,0
616,95.3,76.9,28.2,70.7,0
617,43.7,99.6,48.8,65.1,1
618,56.6,76.3,41.6,56.8,1
619,88.4,69.0,87.4,72.0,0
620,84.9,81.1,45.1,73.2,0
621,51.1,62.6,83.1,53.3,1
622,52.6,34.2,91.3,49.8,1
623,62.2,69.4,54.7,56.5,0
624,69.1,97.0,92.8,88.0,0
625,77.1,42.3,50.2,57.5,0
626,62.1,78.3,97.1,72.9,1
627,67.8,44.1,27.1,50.9,1
628,84.8,67.5,75.0,70.4,0
629,42.2,36.8,59.5,42.1,1
630,55.1,61.5,51.0,54.5,0
631,82.8,82.9,70.6,78.2,0
632,93.7,54.3,76.3,75.3,0
633,70.7,76.5,20.3,62.2,0
634,71.9,85.7,33.4,67.6,0
635,46.4,94.9,77.0,64.0,1
636,66.8,46.4,73.3,54.1,0
637,72.0,58.0,97.3,68.1,0
638,54.5,40.7,80.9,51.5,1
639,56.2,99.5,96.1,75.1,1
640,62.6,94.9,76.2,82.5,0
641,41.2,67.8,43.8,53.9,1
642,59.3,88.9,28.4,63.8,0
643,52.7,66.5,82.5,61.4,1
644,59.6,73.7,71.5,64.0,0
645,47.2,36.2,23.9,32.3,1
646,93.4,82.9,48.8,77.5,1
647,75.6,38.9,96.5,62.9,0
648,80.7,87.8,60.0,72.7,0
649,87.4,84.7,54.6,77.8,0
650,69.9,79.6,56.6,67.7,1
651,45.2,32.5,36.7,29.7,1
652,72.2,51.2,49.5,53.7,1
653,75.2,48.4,49.6,55.1,1
654,84.7,55.2,24.2,63.5,0
655,65.9,36.1,81.4,55.8,1
656,30.0,95.6,53.3,85.0,0
657,57.0,68.8,85.8,65.9,1
658,61.8,51.4,88.0,55.2,1
659,30.0,57.8,37.0,85.0,0
660,74.2,61.3,72.6,64.3,1
661,61.4,72.0,57.8,61.6,0
662,99.2,66.1,90.4,85.2,0
663,76.3,94.4,37.3,68.9,0
664,54.2,64.8,74.2,55.3,0
665,46.1,99.5,68.6,67.2,0
666,49.2,89.6,43.6,64.3,0
667,54.8,44.6,30.9,38.4,0
668,49.6,95.1,72.1,60.8,1
669,51.2,38.1,79.1,47.2,1
670,57.1,87.2,45.3,65.4,0
671,50.4,56.6,71.6,57.7,1
672,95.0,91.5,51.6,25.0,0
673,44.8,90.8,77.1,65.4,0
674,71.5,86.4,35.9,70.8,0
675,64.6,85.3,91.2,69.6,0
676,98.9,51.3,43.0,64.5,0
677,46.7,35.7,49.4,40.4,0
678,63.9,58.2,24.6,52.1,0
679,98.2,42.1,28.9,57.4,1
680,91.9,78.6,61.3,77.6,0
681,89.0,54.2,41.4,55.1,0
682,55.5,98.3,86.8,73.9,1
683,50.3,74.9,21.2,52.6,0
684,80.1,87.6,50.3,71.2,0
685,95.8,39.3,47.0,60.6,0
686,73.4,90.3,21.5,68.1,0
687,74.3,94.6,29.9,69.5,0
688,56.8,64.1,53.1,56.5,0
689,86.2,72.4,59.4,69.4,0
690,51.2,83.5,52.3,60.8,1
691,59.4,42.2,62.5,52.0,0
692,65.5,65.2,67.6,63.3,0
693,70.5,57.9,20.8,50.7,0
694,54.5,40.2,57.1,47.0,0
695,46.9,55.7,97.1,59.6,1
696,76.6,34.8,61.5,47.7,0
697,57.3,31.8,74.2,51.0,0
698,74.9,39.5,44.9,50.7,1
699,49.3,97.4,81.9,73.3,0
700,68.9,68.5,81.8,71.9,0
701,30.0,97.6,61.7,85.0,0
702,95.0,60.3,98.1,25.0,0
703,60.2,51.8,30.0,47.0,0
704,48.1,65.4,21.4,44.3,0
705,43.8,60.8,81.6,60.4,1
706,99.4,37.4,84.6,66.1,1
707,59.3,74.9,29.6,54.9,1
708,88.6,45.1,41.2,59.3,0
709,55.3,73.4,21.4,49.1,1
710,80.9,75.5,43.5,67.1,0
711,85.6,40.6,81.9,64.8,0
712,75.7,34.3,61.4,52.3,0
713,68.3,84.7,47.8,67.5,1
714,64.7,62.2,49.7,56.1,0
715,60.9,34.1,20.1,34.5,0
716,95.8,99.6,44.0,84.9,0
717,89.8,34.0,71.7,66.2,0
718,97.9,78.7,97.9,87.3,0
719,47.5,98.9,87.8,73.8,0
720,83.9,46.7,21.9,55.7,1
721,96.3,40.0,91.9,66.1,0
722,50.9,38.5,82.7,54.4,0
723,44.0,51.2,82.4,52.2,0
724,84.5,37.1,56.6,61.8,0
725,74.5,78.5,51.8,66.3,0
726,90.5,34.4,44.2,61.2,0
727,48.4,65.7,25.3,50.0,0
728,87.7,99.8,38.3,81.3,0
729,52.1,87.0,39.7,61.3,1
730,49.8,73.1,58.7,57.2,1
731,49.9,51.4,79.8,57.1,1
732,88.9,73.7,57.9,74.0,0
733,79.9,66.9,24.6,54.7,1
734,71.4,59.8,96.6,65.5,1
735,61.5,39.1,95.4,55.8,0
736,92.6,92.1,82.8,88.4,0
737,95.0,61.5,99.3,25.0,0
738,89.0,43.6,63.6,66.4,0
739,66.3,55.7,97.0,59.4,0
740,62.6,59.0,26.0,51.3,1
741,95.0,87.9,49.3,25.0,0
742,58.1,81.4,38.0,62.7,0
743,84.9,83.9,35.7,71.3,0
744,70.2,30.8,31.3,44.9,0
745,53.9,59.1,69.8,53.6,0
746,94.0,63.7,82.5,80.4,0
747,63.0,31.3,66.3,51.1,1
748,72.6,48.2,31.8,53.4,0
749,94.4,83.2,84.9,84.6,1
750,77.5,39.6,70.9,59.7,0
751,47.0,67.5,51.1,50.9,1
752,96.4,45.1,73.9,70.9,0
753,77.7,30.8,40.8,53.5,0
754,60.1,46.9,47.6,52.5,0
755,48.4,98.3,93.4,72.2,1
756,87.6,86.1,43.2,76.2,0
757,77.2,97.2,57.6,74.4,0
758,72.0,64.1,91.2,71.4,0
759,93.6,37.7,76.6,66.2,0
760,87.3,68.4,25.0,58.7,1
761,49.1,61.8,31.8,44.2,0
762,58.7,89.1,20.6,59.4,0
763,54.9,36.9,70.5,46.9,1
764,84.6,64.2,55.8,64.1,0
765,42.0,40.5,30.7,37.3,1
766,74.2,52.7,96.6,67.8,0
767,85.7,81.6,62.4,75.8,0
768,92.6,63.3,39.4,65.0,0
769,60.5,56.3,60.0,58.9,1
770,89.3,57.6,74.4,75.6,0
771,46.6,62.2,26.1,44.3,1
772,90.8,85.0,42.0,73.9,0
773,47.6,92.4,84.6,71.4,0
774,63.8,96.9,56.8,71.6,0
775,87.8,85.1,63.7,78.5,0
776,49.0,52.1,54.6,50.6,1
777,53.8,78.2,23.5,48.7,0
778,83.3,60.6,33.3,65.2,0
779,30.0,47.8,55.6,85.0,0
780,78.5,88.9,36.7,70.0,0
781,81.6,32.7,24.0,47.3,1
782,72.6,93.1,87.5,80.7,1
783,55.1,62.3,98.5,58.5,0
784,60.7,74.6,83.5,72.3,1
785,50.9,76.2,88.3,65.6,1
786,94.5,92.7,39.4,81.1,0
787,75.0,74.6,96.9,79.1,0
788,64.1,73.0,35.8,55.9,0
789,67.7,34.7,96.1,58.6,1
790,96.8,66.3,99.6,81.4,0
791,49.2,40.5,76.9,50.8,0
792,75.2,81.6,98.5,73.0,0
793,70.4,65.9,65.6,64.3,0
794,76.7,77.6,40.8,65.1,0
795,41.1,32.9,55.0,38.9,0
796,92.3,35.9,67.5,63.2,0
797,95.9,80.1,25.8,70.5,0
798,73.9,35.0,69.8,52.4,0
799,81.8,35.0,98.5,63.1,0
800,95.3,30.8,35.2,51.8,0
801,82.4,97.0,83.4,88.0,0
802,49.2,81.6,92.6,66.7,0
803,74.6,54.7,95.5,59.1,0
804,76.4,50.8,96.8,66.1,0
805,95.0,54.5,61.7,25.0,1
806,84.2,84.2,98.2,79.1,0
807,96.1,76.3,80.6,78.3,0
808,95.0,43.0,32.9,25.0,1
809,67.1,42.2,58.2,56.3,0
810,46.8,36.9,77.5,46.9,0
811,99.1,76.2,39.8,73.3,0
812,90.3,83.5,71.2,82.2,0
813,47.5,48.6,73.3,48.7,0
814,95.3,31.5,33.0,52.2,0
815,92.2,35.8,65.2,57.8,0
816,71.1,97.8,81.7,75.6,0
817,75.5,50.7,59.9,58.3,0
818,63.9,83.8,21.0,60.8,1
819,43.3,73.7,20.7,47.7,0
820,60.1,56.7,48.6,52.2,1
821,88.2,44.4,94.1,66.0,0
822,40.3,38.5,38.3,38.0,1
823,60.0,73.1,70.7,60.4,0
824,63.9,84.2,37.8,66.1,1
825,72.2,75.1,45.7,62.1,0
826,95.2,67.1,87.8,77.2,0
827,60.8,32.9,78.3,45.7,0
828,60.8,97.8,27.6,64.5,1
829,84.3,85.9,54.3,78.8,0
830,67.1,50.5,22.3,50.1,0
831,95.0,98.6,58.5,25.0,0
832,67.1,72.1,73.0,68.9,1
833,48.5,70.8,29.5,47.3,1
834,50.6,82.4,43.1,57.8,1
835,69.9,86.8,51.8,67.7,1
836,65.1,76.0,93.6,76.1,1
837,94.9,39.0,99.5,66.8,0
838,61.7,53.7,23.6,50.6,1
839,74.8,95.0,80.9,83.8,1
840,77.9,45.7,49.7,61.9,0
841,40.8,56.1,51.4,44.8,0
842,79.8,60.2,80.3,71.2,1
843,95.0,60.8,93.5,25.0,0
844,97.7,72.9,96.1,82.6,0
845,48.9,96.0,66.2,63.6,1
846,64.9,46.8,48.6,45.8,1
847,30.0,38.5,83.0,85.0,0
848,99.8,43.8,40.1,56.8,1
849,70.1,92.1,65.1,73.8,1
850,75.7,75.2,48.7,68.4,0
851,44.0,50.0,72.5,49.7,0
852,85.0,87.1,39.2,75.0,0
853,52.6,90.3,35.3,61.9,1
854,93.9,89.3,93.5,92.8,1
855,52.3,94.3,28.1,58.4,0
856,51.4,47.7,60.5,46.7,0
857,42.2,82.9,37.7,52.2,0
858,68.3,62.2,23.1,56.3,1
859,73.9,88.9,22.9,69.4,0
860,43.9,81.0,34.0,55.1,1
861,86.5,84.4,89.3,86.8,0
862,67.2,75.9,42.6,59.2,1
863,71.5,42.4,96.0,66.8,0
864,66.4,68.2,66.5,68.7,0
865,64.0,98.9,54.9,75.4,0
866,73.6,95.6,66.4,83.3,0
867,49.3,33.0,61.3,37.2,0
868,50.9,41.5,80.7,48.5,0
869,91.7,39.2,42.6,55.7,0
870,96.8,80.8,48.2,79.8,0
871,62.4,87.2,91.5,72.0,0
872,56.2,44.9,95.7,58.9,0
873,78.6,65.4,91.4,77.0,0
874,64.5,88.8,53.6,71.1,1
875,41.5,81.3,82.4,63.5,1
876,49.4,68.0,58.1,52.6,0
877,83.0,71.3,59.8,68.1,1
878,79.5,65.6,36.4,66.1,0
879,41.6,50.8,67.3,49.8,0
880,53.3,69.6,34.9,53.0,0
881,53.9,78.2,46.5,57.9,0
882,30.0,91.1,88.4,85.0,0
883,41.2,74.5,36.6,47.4,1
884,46.2,83.3,25.7,59.7,0
885,88.0,41.2,25.5,49.9,0
886,50.7,62.3,95.3,61.8,0
887,79.2,30.7,60.6,56.1,1
888,54.3,47.3,52.8,44.4,1
889,46.0,80.9,84.9,65.3,0
890,54.6,99.4,86.9,78.8,0
891,83.3,36.9,46.6,54.5,0
892,91.3,58.1,75.5,80.5,1
893,89.8,86.0,81.7,78.7,0
894,63.8,44.3,72.4,57.9,0
895,80.1,68.9,32.1,62.5,0
896,52.3,81.3,90.1,70.8,1
897,57.6,73.1,63.1,63.2,0
898,93.8,43.2,42.6,58.1,0
899,30.0,54.9,54.0,85.0,1
900,45.1,84.9,23.0,48.0,0
901,52.5,68.8,30.2,53.4,0
902,41.6,30.4,81.2,42.9,0
903,50.9,83.3,20.0,56.6,0
904,75.0,32.5,53.3,53.8,1
905,95.0,82.2,61.8,25.0,1
906,93.6,44.2,24.4,57.4,1
907,89.0,97.1,97.8,88.4,0
908,60.5,55.8,38.1,49.0,0
909,55.6,52.9,44.3,52.8,0
910,62.8,40.4,44.3,51.5,1
911,75.4,51.4,38.4,54.7,1
912,56.1,91.4,20.1,60.1,0
913,77.4,99.7,78.3,80.8,0
914,64.6,55.8,97.3,68.1,1
915,73.1,61.4,37.9,60.4,0
916,66.2,80.5,73.0,76.1,1
917,57.7,92.0,79.4,70.1,1
918,96.9,71.5,87.9,80.8,0
919,85.8,57.4,53.8,65.7,1
920,48.4,58.9,44.2,50.7,0
921,92.1,78.7,46.0,73.9,0
922,69.2,30.2,77.0,49.6,1
923,93.7,73.4,85.3,83.5,0
924,88.0,54.9,34.5,63.2,0
925,65.5,85.6,49.7,64.6,0
926,41.3,36.5,92.2,50.6,0
927,56.1,71.2,84.5,68.3,1
928,72.5,63.7,98.8,71.6,1
929,78.0,75.0,80.3,74.5,0
930,55.5,34.5,51.5,45.0,0
931,48.4,70.6,67.3,55.4,0
932,90.1,69.3,72.9,75.4,1
933,99.1,69.2,26.3,63.1,0
934,71.5,72.2,63.6,69.9,0
935,50.3,77.4,76.7,58.7,1
936,56.3,86.3,33.4,65.3,0
937,41.1,48.9,82.5,48.5,1
938,94.9,87.8,66.7,82.7,0
939,47.1,64.9,96.2,59.1,0
940,74.6,35.4,23.4,44.8,0
941,56.4,34.1,41.2,45.7,0
942,73.3,53.4,68.1,53.8,1
943,79.1,84.9,43.7,75.2,0
944,89.8,79.5,77.2,81.2,0
945,52.4,85.2,80.7,64.6,1
946,40.7,66.2,28.2,42.2,0
947,48.2,60.8,61.1,57.9,0
948,94.0,40.3,60.7,60.0,0
949,92.4,53.0,49.5,61.6,1
950,75.8,60.4,94.6,73.8,0
951,76.0,36.2,86.2,60.1,0
952,79.9,45.4,75.8,59.5,1
953,50.5,71.9,77.1,62.0,1
954,94.9,81.5,56.9,75.9,0
955,65.1,99.9,93.7,85.0,0
956,63.0,95.3,75.6,78.6,0
957,71.1,75.0,78.3,72.7,0
958,42.8,59.5,88.9,56.8,0
959,95.0,74.5,41.9,25.0,0
960,84.3,85.0,84.6,81.6,0
961,45.0,38.3,35.6,33.9,0
962,76.2,58.7,47.6,61.8,0
963,54.7,88.8,46.8,70.0,0
964,30.0,56.9,98.3,85.0,1
965,57.3,70.0,88.5,64.6,0
966,61.3,71.1,76.1,66.5,1
967,30.0,42.9,78.2,85.0,0
968,57.8,55.4,65.0,52.3,0
969,74.0,53.4,95.8,70.5,0
970,68.6,31.8,59.7,56.1,0
971,79.8,31.7,50.4,52.3,0
972,96.2,88.2,33.0,74.7,0
973,84.0,49.1,82.9,62.2,1
974,52.9,66.3,78.8,61.2,1
975,41.9,50.9,50.7,47.6,1
976,55.7,95.8,22.0,63.5,0
977,75.7,48.2,87.1,64.0,1
978,43.1,60.1,20.9,40.7,1
979,69.8,91.1,76.3,73.3,0
980,75.8,88.9,97.6,84.9,1
981,60.1,43.0,55.0,52.0,0
982,86.3,86.2,38.8,69.1,0
983,46.4,62.1,76.4,60.4,1
984,44.5,63.8,85.4,59.1,0
985,83.7,39.3,63.7,63.2,0
986,69.7,35.6,97.4,54.6,0
987,81.3,81.0,24.1,62.6,0
988,66.1,64.8,60.4,61.0,0
989,54.8,60.6,77.5,60.1,0
990,89.1,81.1,89.0,88.3,1
991,88.0,83.6,34.3,74.6,0
992,81.7,41.1,84.0,62.2,0
993,56.3,72.7,64.2,58.4,1
994,75.4,39.5,51.7,57.0,0
995,61.7,82.6,30.5,57.9,0
996,45.5,76.0,89.2,68.3,1
997,95.0,97.0,32.6,79.5,0
998,48.2,34.8,44.8,43.9,0
999,97.0,34.0,43.2,60.1,0
1000,66.8,49.8,89.7,61.1,0
